id_EXIST,lang,text,gold_label,predicted_label,NO_probability,YES_probability,confidence
300002,es,"@anacaotica88 @MordorLivin No me acuerdo de los detalles de GamerGate, pero ella estuvo en el ojo del huracán recibiendo acoso de hombres indignados (y sus medios frikis) y creo que también acosaron a Brianna Wu, q es transfemenino. Seguramente tuvo eso que ver y quiso ""cerrar filas"".",YES,NO,0.6046152601011934,0.39538473989880657,0.6046152601011934
300008,es,@DavidArranzVox @AnabelAlonso_of Uyyy a q huele? Apesta a xenofobia. Quién no da una es la derecha y los #ppatriotas como tú negando una realidad como la #violenciamachista y la blanquean con otro nombre.Precisamente #lamanada de San Fermín eran de los cuerpos de seguridad del Estado.¿Qué me estás contando?,YES,NO,0.5377605018653966,0.46223949813460347,0.5377605018653966
300011,es,"@Kormavov No le has dicho nada de usar el MeToo, defendiendo a Amber Heard en el juicio contra Johnny Depp. Si con eso siguen votando a Vox, es que el fascismo es incontenible.",NO,YES,0.442722899628057,0.557277100371943,0.557277100371943
300012,es,"@Puyas10 Realmente no se trata solo de JD, se trata de mostrar que la violencia no tiene género, como lo han planteado con el famoso #Metoo, no es puro pedo como leí, es mostrar que también los hombres han soportado por años el abuso doméstico.",NO,YES,0.2884904323559314,0.7115095676440686,0.7115095676440686
300015,es,"@Bruno_MGTOW @AldeanaPy no sabia que el procedimiento era difundir por twitter, no habia necesidad 0 etica profesional del policia no se justifica ninguno de los 2 casos",NO,YES,0.4836836182494435,0.5163163817505565,0.5163163817505565
300018,es,@Ds_OutOfContext Micromachismo me recuerda a cuando en South park el directo PC gritaba MICROAGRESION!,YES,NO,0.5577174775974805,0.4422825224025195,0.5577174775974805
300021,es,"@pilareyre Os ""Escandaliza"" el culo de Chanel pero no os llama la atención los chicos con el pecho desnudo o los pantalones marcapaquete... Ahí tenemos un micromachismo de manual. Gente como Beyoncé, Jlo, o Ana Torroja lo han llevado en muchos Shows no ha habido problema Evolucionen!",YES,NO,0.6371939963948354,0.36280600360516463,0.6371939963948354
300023,es,"Así que hacedme el favor de ahorraros el puto #NotAllMen porque #YesAllWomen, mamarrachos. https://t.co/c0ojjFirZl",YES,NO,0.6745741026465867,0.3254258973534133,0.6745741026465867
300034,es,"👀Argumentaban que una vez celebrado el juicio militar por acoso laboral y haberlo perdido, ya que el Capitán denunciado ha salido absuelto.Para ellos 🟢 es una sentencia demoledora y piensan que eso debería inhabilitarla para seguir ostentando ningún cargo público.#YoSiTeCreo https://t.co/nbljgqI21g",NO,YES,0.4823763085069961,0.5176236914930039,0.5176236914930039
300036,es,"Absuelto, si, pero, quién le devuelve su vida?. Cuanto daño el pvto    #YoSiTeCreo   @IreneMontero   @Adrilastra   #ComunismoEsMiseria   #presunciondeinocencia    #LaReunionSecreta https://t.co/wt5rSNo116",YES,NO,0.652481967714421,0.347518032285579,0.652481967714421
300040,es,"Si usted está pensando en votar r3chazo, le recuedo que Cecila Morel, ex primera dama, le da miedito que se deje de abusar del pueblo, por que ella dijo...“Vamos a tener que disminuir nuestros privilegios y compartir con los demás”...con que dejen de robar ya estariamos!",NO,YES,0.44110696215572853,0.5588930378442715,0.5588930378442715
300041,es,"@GestorbaMor @Ex_Combatiente No mas el comentario es, una burla para quienes lo necesitan, así como @FranciaMarquezM, quiere abusar de los necesitados, usted es una básura.",NO,YES,0.46876245511257075,0.5312375448874292,0.5312375448874292
300044,es,"@Emanuelrodguez Que no somos animales para reproducirnos sin consciencia, dejando vástagos por el mundo sin preocuparnos de lo que han de vestir, comer y recibir como educación. Una ""sobrepoblación"" de un hogar espiritual y materialmente inadecuado puede ser causa de males como el abuso sexual.",NO,YES,0.4238941516916114,0.5761058483083886,0.5761058483083886
300045,es,"ahora que me relaciono de una manera más libre y menos normativa sufro menos esas violencias sistemáticas del amor romántico, pero aún así sufro las secuelas de haber experimentado tanto abuso en el pasado",YES,NO,0.6411626366152273,0.3588373633847727,0.6411626366152273
300047,es,"Sacar a la luz políticas, prácticas, programas que tanto en presente como en pasado han tenido un impacto positivo, o que constituyen una acción positiva en la mejora de la calidad educativa. Si no conocemos de esto, cómo las desarrollamos y replicamos?",NO,YES,0.47900688362959276,0.5209931163704072,0.5209931163704072
300052,es,"El proyecto tiene como nombre “Acción empresarial en la prevención de violencia de género y acoso sexual laboral”, empezará el 24 de mayo, y pueden inscribirse de forma gratuita, todas las empresas medianas o grandes que firmen un acuerdo de compromiso https://t.co/FYCEsIWtmH",NO,YES,0.43002055075083234,0.5699794492491677,0.5699794492491677
300054,es,"@Not_TsundereZ CalvoAh diablos no me denuncies por acoso sexual 😭😭Pero fuera bromas, que tiene que ver una cosa con la otra yo tampoco entiendo nada tiene sentido https://t.co/W2ErmEVqQt",NO,YES,0.48245469295484844,0.5175453070451516,0.5175453070451516
300064,es,seguir idealizando y romantizando características sexo corporales adeptas al androcentrismo y a la masculinidad.,YES,NO,0.655897108980094,0.34410289101990604,0.655897108980094
300068,es,"@Dialogo_es @FuerzasMilCol si asesinar mujeres embarazadas , bombardear niños y sacar los ojos a estudiantes, pero con los actores armados si son cagado no a otro perro con ese hueso",NO,YES,0.4918379234087541,0.5081620765912459,0.5081620765912459
300070,es,"@xCaptainBolton — Siguió ese beso, que fue corto y rápido pero siempre con mucho sentimiento, lo que no faltaba entre ellos.—¿Te imaginas? Como para pasar por un sitio de hiedra y que nos empiece a picar todo el cuerpo.— La imagen no era nada atractiva, la de Troy desnudo por supuesto +",NO,YES,0.4098402393337496,0.5901597606662504,0.5901597606662504
300073,es,"@betty47866399 No te debes avergonzar, es un trabajo digno. Y si te dicen lo contrario es por que no saben valorar lo que hace el resto.",NO,YES,0.305082421117854,0.694917578882146,0.694917578882146
300075,es,"@Solateras33 @tarari_q_t_lei @RealDonBernabeu Vamos, que estamos justificando esto? No creo no, evidentemente, es mejor prevenir que curar, pero creo que esto debería avergonzar a todo Atlético, al igual que me pasaría a mi con mi Real Madrid, menos mal que mis buenos amigos atléticos, no son asi",NO,YES,0.4928532386271828,0.5071467613728172,0.5071467613728172
300083,es,"#EnVivo Conferencia ""Barreras invisibles para madres trabajadoras"", impartida por la Mtra. Virginia Shaday Gutiérrez León https://t.co/a0I792uYSb @diigeBUAP @BUAPoficial",YES,NO,0.7485843128687052,0.2514156871312948,0.7485843128687052
300085,es,"""hip dips are ok &lt;3"" y sube una foto de sus hip dips casi imperceptibles pero con el polo todo subido para que se le vea la cinturita, el culaso y su thigh gap XDDD body positivity mis pelotas :)",YES,NO,0.6561083573828685,0.3438916426171314,0.6561083573828685
300088,es,¡Que es estoooo! jajaja ay lo que me faltaba por ver jajajaEEUU da luz verde a las primeras bragas que protegen de infecciones durante el sexo oral https://t.co/0ih2l2L7Vw a través de @ABC_Sociedad,NO,YES,0.45745971568741606,0.5425402843125839,0.5425402843125839
300090,es,@dolumouri99 si e non vamos mencionar que sujeto me viu as bragas pola túa culpa😘,NO,YES,0.4041308518769524,0.5958691481230476,0.5958691481230476
300092,es,"📢@EITFood abre plazo para presentar candidaturas a su iniciativa ""Empowering Women in Agrifood"" que apoya #proyectos fundados por #mujeres con el objetivo de superar la #brecha de #género que existe en el sector #agroalimentario.➕ Info e inscripción 👇 https://t.co/sEVQenYnc7",NO,YES,0.45791668367411675,0.5420833163258832,0.5420833163258832
300097,es,"Brecha salarial de género, un reflejo de la sociedad. La visión de Fernanda Vicente y Desafío 10X.https://t.co/5N0pjf34F6 https://t.co/HLnt9T2ipG",YES,NO,0.6426346046838776,0.3573653953161224,0.6426346046838776
300103,es,@S0yWerita CalificaciónCara 100 más puntos extraCintura 100Caderas 100Chichis 85Promedio 99 por encima de cualquier dama tu si llegaste a la repartición de belleza a tiempo,YES,NO,0.5457255296034247,0.45427447039657526,0.5457255296034247
300105,es,@caderas_blancas Uhh que bajón menos mal que te tienen a vos!,NO,YES,0.3473108854063949,0.6526891145936051,0.6526891145936051
300109,es,Hoy en clases una chica se quejó con la profesora porque vino a dar el parcial sin dormir y que seguro le fue mal por eso.  Les juro que me empecé a cagar de risa atrás Mamita....lo que te espera,NO,YES,0.44574529819893116,0.5542547018010688,0.5542547018010688
300118,es,"@JManuelRivasV @esteusernomurio 1) A personas LGBT+ se las asesina por ello y x ser quienes son, por tanto, debería importarnos si la sexualidad e identidad es motivo de crímenes de odio.2) ☝️3) Si eres hombre, cisgénero y hetero, esos son privilegios.4) Ninguno, del mismo modo en q yo respondo a lo tuyo.",NO,YES,0.4053439408267834,0.5946560591732166,0.5946560591732166
300128,es,Marcelo me tiene llorando como una niña. Grande que te vas por la puerta correcta!!! Gracias por tanto 😭😭😭,NO,YES,0.33599006839176926,0.6640099316082307,0.6640099316082307
300129,es,Roma Hoito la fundadora del grupo sus nombres clave son: La Madre Astuta y Gypsy. Es una anciana a pesar de que luce como una niña y es Bikaku Kakuja rango SSS https://t.co/4ibFTZsGxn,NO,YES,0.39111508418267404,0.608884915817326,0.608884915817326
300131,es,"@shopaholic77777 @MeDicenPajita No olvidemos que Vania iba a mandar a la policía a Ticlio, o que le iba a quitar su trabajo, eso no es agresión verbal? Acaso a los policías no se le podía hablar como una señorita y en forma alterada? Y los pobres policía solo los intervinieron por quebrar los protocolos covid",NO,YES,0.3284115255136657,0.6715884744863343,0.6715884744863343
300142,es,¿Todavía no ha salido ningún tonto de izquierdas hablando de la cosificación del cuerpo femenino? https://t.co/CYY1F9aJEz,NO,YES,0.4374454969138776,0.5625545030861224,0.5625545030861224
300148,es,@HotEmma3 Sabroso culo... para reventarlo a vergazos corazón 🔥,YES,NO,0.6391302439310593,0.36086975606894073,0.6391302439310593
300149,es,"@suzidane_ Si es culo anduviera contigo, probablemente no serías el único que se lo anduviera comiendo.",YES,NO,0.5639807862625816,0.4360192137374183,0.5639807862625816
300150,es,"@Bautiicapitani Uno te pregunta preocupado, y el culo parado no saluda por la calle. Mala persona",YES,NO,0.6163481309292889,0.38365186907071114,0.6163481309292889
300151,es,¿Cómo puedes amenazar de violar a alguien y quedar impune? BASTA! La cultura de la violación tiene podrida a la sociedad. https://t.co/ED2P9ONtVs,YES,NO,0.6346314510361524,0.36536854896384763,0.6346314510361524
300156,es,Te das cuenta que creciste cuando en vez de alegrarte por un celu nuevo te preocupas por como vas a hacer pagar las cuotas,NO,YES,0.3666453510304515,0.6333546489695485,0.6333546489695485
300157,es,"@antituco4ever @CesarAcunaP @UCV_Peru Termino de leer la cagada de la Asamblea Chilena. Nueva constitución pura mierda...   ""Democracia paritaria. El Estado reconoce y promueve una sociedad en la que mujeres, hombres, diversidades y disidencias sexogenéricas participen en condiciones de igualdad sustantiva""",YES,NO,0.6467295091676935,0.3532704908323065,0.6467295091676935
300158,es,"@NiUnaMenosChile Es una joda misogina, un insulto hablar de democracia paritaria cuando no tienen idea quién es mujer y nos borraron judicialmente a un estado mental o un ""alma"".",YES,NO,0.5564934596377789,0.4435065403622211,0.5564934596377789
300159,es,Conceptos del “experimento constitucional” de dudosa definición:🤡👀🫣- Igualdad sustantiva.- Empresas semipúblicas.- Grupos históricamente excluidos.- Enfoque de género.- Medidas afirmativas.- Criterio de proporcionalidad.- Democracia paritaria.- Maritorio.#rechazo,YES,NO,0.7401130005573804,0.25988699944261967,0.7401130005573804
300160,es,"@BalbontinCas @BalbontinCas Me arrepiento de haber contestado a su tuit. No porque simpatice con Vox. Si no por haber leído un tuit, donde se demuestra la falta de sensibilidad, y sentido común. Literal: Entre la baja maternal, la regla, la depresión posparto. Hilo",YES,NO,0.6162316824846477,0.38376831751535234,0.6162316824846477
300163,es,"@dianama46158538 Claro que recuerdo este episodio triste y desalmado y atros cometido por las Farc los mismos que hoy se pavonean como honorables en el senado y hasta dan catedra de derechos humanos.Hechos que los jovenes ignoran y se niegan a creer, incluso alaban esa caterva de asesinos.",NO,YES,0.4256410590648452,0.5743589409351548,0.5743589409351548
300167,es,"En la platica “Balance Histórico de los Derechos Sexuales y Reproductivos de las mujeres de la CDMX” organizado por la Secretaria Estatal de Mujeres Morena CDMX, muy contenta de compartir este tipo de actividades con mujeres organizadas, fuertes, valientes, comprometidas. https://t.co/kDSPhfboIj",NO,YES,0.32748600635524294,0.6725139936447571,0.6725139936447571
300169,es,"""Discriminación indirecta por razón de sexo: Tener el distintivo «Igualdad en la Empresa» no significa que una empresa no pueda incurrir en prácticas discriminatorias""#igualdad#planesdeigualdadVia @SincroAsesores #LACTANDOENDIVERSOhttps://t.co/QeIrY6LxaO",YES,NO,0.5165873701877868,0.48341262981221317,0.5165873701877868
300170,es,@carlosclavijo22 Se puede opinar de la ley que incentiva la contratación de hombres? Se llama discriminación indirecta. Quien hace esa ley tiene un desconocimiento total del mercado laboral.,YES,NO,0.6019129200477564,0.3980870799522435,0.6019129200477564
300175,es,"No tengo palabras,horrible y x desgracia hay tantos padres así todavía hoy.Siempre he defendido los derechos d mi hija a una vida plena,incluso cuando no estaba d moda. “Mis padres me esterilizaron con 18 años mediante manipulaciones” https://t.co/UTJeyX6TkW vía @elsaltodiario",YES,NO,0.6833145438112594,0.31668545618874056,0.6833145438112594
300178,es,"En #CLM trabajamos cada día para romper el ‘glass celling’. También en el medio rural donde existe una doble discriminación. Por eso nuestra Ley del Estatuto de las Mujeres Rurales, pionera en España. Impulsando su #empoderamiento ✉️ Hoy, en #cartasaladirectora @elpais_espana https://t.co/pVUkhQ3a8F",YES,NO,0.5410907018461518,0.4589092981538482,0.5410907018461518
300179,es,"Esta población sufre doble discriminación por ser indígenas y migrantes, quienes llegan principalmente del sur del país, a lo que se suma el trabajo infantil que no se ha erradicado y la falta de apoyos https://t.co/2IK5fRSmul",NO,YES,0.4968880530384021,0.5031119469615979,0.5031119469615979
300180,es,"@aspergeralos40 Entiendo tu situación y tu cabreo es comprensible totalmente, pero lo q dices no es discriminación positiva. Y sinceramente, veo complicado q eso q cuentas sea así al 100%. Soy mujer con discapacidad y he sufrido la doble discriminación toda mi vida.",YES,NO,0.5529996221178571,0.44700037788214286,0.5529996221178571
300191,es,"@Cristina_Coach @Dillita1 @lapropriaWinter @Alex_con_3X ¿Usted acaso vio a Ruiz Cortines saliendo a militar con movimientos feministas? Promulgó una ley que amparó un derecho para las mujeres, no era ningún feminista. Una cosa no tiene nada que ver con la otra. Usted es quien no entiende que el feminismo es un movimiento político.",NO,YES,0.21214994740039306,0.7878500525996069,0.7878500525996069
300202,es,@Kazucosowo Darte muy muy duro en esa ropita de enfermera y correrme en esa carita de pervertida 💖,YES,NO,0.5093832000010743,0.49061679999892566,0.5093832000010743
300203,es,@Isabeldiazc92 Ah claro porque ser enfermera no es un trabajo importante pero lo que hace ella si lo es...,NO,YES,0.38453339037934986,0.6154666096206501,0.6154666096206501
300206,es,"@soyeldegafitas @Alex_Marimba @dalzate @latrophie https://t.co/jjeX7Y5magAnalicemos la originalidad de las lineas:1) Entender a las mujeres. Trillado2) Aguacate maduro: Trilla3) Cilantro por perenjil: es hasta un meme4) Lecha entera5) La abuelita pasa plata como pasando droga es un meme6) Mascotas: original, sinsentido",NO,YES,0.14106823344977237,0.8589317665502276,0.8589317665502276
300207,es,"@nabellalucia No joda yo tengo como 5 mejores amigas y de pana nunca nos hemos comido. Ella son sabiduría pura para entender a las mujeres, nos enseñan trucos para conquistar y evitar peos.",NO,YES,0.32733538794176265,0.6726646120582374,0.6726646120582374
300208,es,@felipekast @camilaemiliasv En total delirio esta tipa quiere legalizar el terrorismo. ¿Y esta escoria quiere definir los destinos de Chile? Permitirlo es de anti chilenos.,YES,NO,0.6354101328132664,0.36458986718673364,0.6354101328132664
300209,es,"@tatisabini Cual la fascinación de ustedes por asesinos, ladrones y dictadores? 🤔No habla mal de ellos que son escoria, pero habla muy mal de ustedes sus seguidores: gente resentida, mediocre, sin rumbo que necesita de un líder de pacotilla.",NO,YES,0.480373565112756,0.519626434887244,0.519626434887244
300212,es,"@Eganbernal Que decepción este man. Pero bueno sea un estereotipo o no, dicen que los deportistas son brutos, y pues...",NO,YES,0.41293342768946184,0.5870665723105382,0.5870665723105382
300213,es,"Yo se que el estereotipo de chaval que usa una espada más grande que él es muy poco realista pero y lo cool que queda qué pasa, eh, como justificas eso",NO,YES,0.40024040022245,0.59975959977755,0.59975959977755
300214,es,@soyyokarim11 @Joeluscommunis Lelos como tú que se piensan que los dibujos animados de hace 40 años están hechos para promocionar estereotipos de género,NO,YES,0.3160812986720345,0.6839187013279655,0.6839187013279655
300215,es,@ParticipaH no no es si solo es cuando no te apegas a los estereotipos de género,NO,YES,0.36718136895456144,0.6328186310454386,0.6328186310454386
300220,es,"👉🏼Corrección: La @UESoficial, pese que es una institución pública, no cuenta con Unidad de Género. La instancia a la que señalamos de inacción es el Centro de Estudios de Género.",YES,NO,0.5041833331499155,0.49581666685008446,0.5041833331499155
300223,es,"@lorenmontalvo Depende si te refieres a identidad de género, sexo biológico ,o expresión de género. Fajese a estudiar antes de apoyar sectores que sólo escupen ignorancia.",YES,NO,0.5569599631140361,0.44304003688596394,0.5569599631140361
300224,es,"Se tiene que dejar de premiar la masculinidad, aparte, el programa va sobre el talento de las drags, no sobre la expresión de genero de nadie, el pit crew es secundario y es que ni eso https://t.co/myKBDfDlph",YES,NO,0.6103624395233918,0.3896375604766083,0.6103624395233918
300226,es,"Es de sabios reconocer las derrotas eso no quiere decir que siga teniendo la frente muy alta, la lengua muy larga y la falda muy corta (Gracias maestro Sabina) #BuenosDías 😂😂😂 https://t.co/DsclRsZJIk",NO,YES,0.29325884830631743,0.7067411516936826,0.7067411516936826
300230,es,ya conseguí mi hoddie ahora afalta la falda y voy a ser la mujer más feliz en el mundo,NO,YES,0.4343819963075226,0.5656180036924774,0.5656180036924774
300231,es,"Soy ingeniera civil y vengo con short, falda, jeans rotos y crop top a trabajar, y todo normal, no me queda mejor el diseño si vengo de traje https://t.co/gbnnZuyS3c",YES,NO,0.6802528920098019,0.3197471079901981,0.6802528920098019
300233,es,Ojalá algún día llegue en dónde la vigorexia en los varones se haga tan viral al igual que los TCA restantes y el falocentrismo u.u,YES,NO,0.5590710251907121,0.440928974809288,0.5590710251907121
300237,es,"@LadyAkhbar Hasta a mi que soy un homófobo y un falso aliado, además de un iletrado en el tema trans, me resulta tránsfobo y de vergüenza ajena leer eso",YES,NO,0.7055948486997152,0.29440515130028483,0.7055948486997152
300242,es,"@ghitis @MariaFdaCabal Barranquilla, esto si es arte del bueno, fea resentida van a perder con la ayuda de Dios https://t.co/MbaqZd33Ui",YES,NO,0.7447143392918474,0.25528566070815256,0.7447143392918474
300243,es,Ando mas relajado que papá con hija fea por que no salgo en estos tik toks😮‍💨,YES,NO,0.572048354496405,0.42795164550359505,0.572048354496405
300247,es,"@MovCiudadanoNL El Fiscal Guerrero tiene razón,la @FiscaliaNL es la responsable de investigar los delitos feminicidio, desaparicion,etc.:y el gobernador @samuel_garcias es el responsable de garantizar q estos hechos NO sucedan,pues por mandato de ley es el responsable de nuestra seguridad.",YES,NO,0.5581474605040371,0.441852539495963,0.5581474605040371
300250,es,"@Sudameris000 Pero lo que quiero enfatizar es que esa parte del relato es más para los culposos palermitanos, y no para el grueso de votantes.Y que ya pasó de moda, de hecho, ahora están con el feminismo, el lenguaje inclusivo y todo eso. ""La dictadura"" ya pasó de moda.",YES,NO,0.7048633788536269,0.295136621146373,0.7048633788536269
300251,es,#Feminismo#VindicamosPara ver más sobre la Historia de las Mujeres:https://t.co/XwfmTmrCp6,NO,YES,0.28311633730497776,0.7168836626950222,0.7168836626950222
300259,es,@EduAguirre7 Periodismo de pandereta y voceros sin indocumentados... ahora viene el despecho...jajajajajajaja..no me quieres..te llamo golfa. https://t.co/ExFHtP1KgF,YES,NO,0.5268813970567731,0.47311860294322694,0.5268813970567731
300266,es,"@MexaSK8 @RicardoGucetti @LaColoniaJuarez @Taquearte @LaRomaDF @OHarfuch @Comitejuarez @C5_CDMX @UCS_GCDMX @SSC_CDMX @SSaludCdMx @OVIALCDMX @CDMX_SIBISO @AlcCuauhtemocMx @lajuarezDF @DTJSR_AlcCuau Agreden sin ninguna razón. A mi amiga, una señora indigente la golpeó sin razón. Pasamos junto a ella, estábamos platicando, y sin razón alguna le dio un gran golpe en el pecho. Luego, empezó a gritar y manotear.",YES,NO,0.5888263780232421,0.41117362197675794,0.5888263780232421
300268,es,@BotR4N @LeGaster1 XDNo te burles de mi gorda https://t.co/IZe6oRiN52,YES,NO,0.7473547056006431,0.25264529439935696,0.7473547056006431
300271,es,"NO INSULTES“0,2 segundos despues” PEDAZO GUARRA PUTA VAGA GILIPOLLAS https://t.co/4p9PrDvCuU",YES,NO,0.5222239080724749,0.4777760919275252,0.5222239080724749
300278,es,Empoderamiento o hembrismo en los años 60s 🥴🥴 https://t.co/QBXeAxWXBz,YES,NO,0.7398274480614335,0.26017255193856653,0.7398274480614335
300282,es,"@Uecomva @Maria78816166 @isaac_vivancos @Herzogoff De la misma forma que les va muy bien  UK, Suecia, Noruega, Holanda, Dinamarca o Japón que si tienen esa figura, el que fijó  no es imparcial es un presidente que es elegido por su ideario político...",NO,YES,0.2991402768933594,0.7008597231066406,0.7008597231066406
300286,es,"@darwingonzalezp @UEenVenezuela @tupais_plural @NLinVenezuela @ConsEspCaracas Que ridiculez, ese deseo desesperado de sobresalir siempre, si quieren hablar de igualdad que dejen de darle tratos especiales, o es que hay que poner bandera de todas las tendencias, creencias, etc.Por Dios se acepta, se respeta pero no hay que rendirle pleitesía, basta",NO,YES,0.35387546658606617,0.6461245334139338,0.6461245334139338
300289,es,@pablo_majluf La reacción de estos personajes (incluída Denisse) prueba que les pegaste dónde duele: el cheque. Ella incluso mencionó que es lo que imparte a sus estudiantes en las escuelas de élite en las que enseña. Que nadie les toque el negocito de la desigualdología e interseccionalidad.,NO,YES,0.39523751821968134,0.6047624817803187,0.6047624817803187
300291,es,Si tu revolución no reconoce la interseccionalidad y el hecho de que la exclusión no ha sido uniforme sino que ha sido más profunda dependiendo de otros motivos como el género o color de piel no la quiero,YES,NO,0.5831162597641428,0.4168837402358572,0.5831162597641428
300303,es,Me perdonas pero hay mucha lagartona que me quiere bajar a mi CasiNovio tuitero.😒😑💔 https://t.co/pxY2b18iiw,YES,NO,0.5096357170966599,0.4903642829033401,0.5096357170966599
300310,es,@tuyomiespiritu A las mujeres de hoy en día no les gusta eso… he pasado malos ratos por ser así,NO,YES,0.19913836984661837,0.8008616301533816,0.8008616301533816
300315,es,"@IreneMontero @IreneMontero, efectivamente.. las mujeres no deben de ser discriminadas salarialmente por pertenecer a cuerpos policiales de otras comunidades, localidades, etc.",NO,YES,0.14258854074191607,0.8574114592580839,0.8574114592580839
300322,es,"@Helen_de_troya Las mujeres son de venus, los hombres de marte; no habían cerrado ya ese antro (por biologicista y obsoleto)?",NO,YES,0.14964407446309547,0.8503559255369045,0.8503559255369045
300334,es,@FerMengucci Desafortunadamente por cultura el machismo y sus inseguridades se reflejan en agresión y misoginia. Digan lo que quieran la realidad habla por sí misma. Me eduqué en un ambiente lleno de mujeres. Eso no me hace homosexual. Soy heterosexual con gran empatía hacia las mujeres.,NO,YES,0.20140471512518265,0.7985952848748173,0.7985952848748173
300340,es,por q los manes se tienen q sentar con las piernas abiertaaas recógete amigo invades mi espacio manspreading en todo su esplendor,NO,YES,0.4611768067586325,0.5388231932413675,0.5388231932413675
300341,es,"Adoro las fotos pero están usando mal el término, el manspreading no es solo sentarse con las piernas abiertas. :/ https://t.co/EMrpmRrSdD",NO,YES,0.3816568189215833,0.6183431810784167,0.6183431810784167
300345,es,@FlorenciaLagosN Andate a cuba yo te pago los pasajes.. anda a vivir para alla marimacho.. mandame la cta y el valor para el pasaje de ida....,YES,NO,0.6692393387593956,0.3307606612406045,0.6692393387593956
300358,es,@Taiytotsuki1 Me gustaría follar más pero es que los bonsais me quitan mucho tiempo.,NO,YES,0.4074455465783665,0.5925544534216335,0.5925544534216335
300368,es,"Hay tantas weas horribles asociadas a embarazarse que nadie explica, y la gente dice que no hay misoginia en la salud",YES,NO,0.5163266970697268,0.4836733029302732,0.5163266970697268
300382,es,"@Causa1936 Pues un crack la chica, eso sí  es una mujer empoderada: a las bravas y contracorriente",NO,YES,0.35935245676913774,0.6406475432308623,0.6406475432308623
300384,es,@Expresoec Todo es mejor que quedarse en ecuador bien por ella!!! Todo el éxito del mundo Denisse mujer empoderada 💪,NO,YES,0.41090955323469325,0.5890904467653068,0.5890904467653068
300389,es,"@petrogustavo Mujer libre y un ser pensante, con grandes características... ✊💜🇨🇴No queremos patriarcados en el poder.....",YES,NO,0.5999665409255006,0.4000334590744994,0.5999665409255006
300390,es,"@fcpa1606 @dortega_g @escplus_es La canción la han compuesto hombres que la han colocado ahí, han creado un producto eurovisivo, y hasta el vestuario lo ha diseñado uno, osea que de mujer libre que hace lo que de la gana tiene poco",NO,YES,0.4345531620012977,0.5654468379987023,0.5654468379987023
300398,es,Jajaja infórmate machote!!!!Igual influye más esto que permiten tus amigos del Gobierno que se ponga en los libros de texto de primaria y secundaria!!Mujer = sumisa y dependiente Hombre = agresivo y cruelVaya tela con VOX y con VAX!!!! https://t.co/gSR67Pd8RB https://t.co/Q9qBctxyBM,YES,NO,0.5936567217719959,0.4063432782280041,0.5936567217719959
300401,es,"@ConotoLlanero Sin palabras, suerte y fuerza para esa mujer y a usted un abrazo por hacernos partícipes de esta experiencia que te hace hasta llorar de solo leerlo.",NO,YES,0.33565464411762,0.66434535588238,0.66434535588238
300402,es,"@Sassizavala Sassi una hermosura de mujer,saludame soy tu fan ☺",NO,YES,0.2760238084775324,0.7239761915224676,0.7239761915224676
300403,es,"En el marco de la celebración del Día de la Madre, el @CAMSanSalvador, rindió homenaje a las mujeres que forman parte de las diferentes unidades especializadas y distritos. https://t.co/CElKknXamy",NO,YES,0.38654682269933727,0.6134531773006627,0.6134531773006627
300406,es,"Este proverbio nos recuerda que muchas veces es aún más honorable que un hombre deje de esforzarse en esa práctica.En muchas circunstancias se necesita un hombre de honor para detener la contienda, pero cualquier insensato puede comenzar la contienda y continuarla.👇",NO,YES,0.3120597289388283,0.6879402710611717,0.6879402710611717
300409,es,@zulueta23 En manos de MarlasKon y la nenaza feministoide de Sanchez ...qué coño van a hacer ..Irse a otro sitio mas serio.,YES,NO,0.509838190552661,0.49016180944733906,0.509838190552661
300413,es,"Es que me tengo que reír cada vez que una niñata critica a los que tenemos 20 y pico porque nosotros podemos permitirnos los álbumes y conciertos que queramos, mientras que ellos dependen de sus padres y si aprueban los exámenes de cono 😭 https://t.co/yD72df2TcS",YES,NO,0.5123585861424746,0.4876414138575254,0.5123585861424746
300414,es,"https://t.co/IBe7WFRhYqComo guionista de esta obra de arte quiero pediros a todos que lo veáis y me deis vuestra sincera opinión, menos la de Laura que es una niñata envidiosa que no ha dado un palo al agua en su vida",YES,NO,0.5513956715794375,0.4486043284205626,0.5513956715794375
300415,es,"Algunos hombres me quitan la esperanza de seguir pensando “no todos los hombres son iguales”, pero es que salen con la misma mierdita",NO,YES,0.4984560432599713,0.5015439567400287,0.5015439567400287
300417,es,"@SosAtrevidita Por un lado no todos los hombres tenemos los mismos niveles de testosterona, pero seguro mas q una mujer, y por otro es un factor, tbn esta la educación, infancia, entorno, referentes masculinos, predisposicion genética, trastornos mentales, etc",YES,NO,0.508598737140139,0.49140126285986097,0.508598737140139
300423,es,Pero este no es un shonenEs mahou shoujo y cómo no es lo suficientemente femenino para ser chica mágica y no lo suficiente masculino para ser Tuxedo se jode que (? https://t.co/eT7pZDyXwn,NO,YES,0.44620497542747717,0.5537950245725228,0.5537950245725228
300428,es,@Martuuuuu01 tip 1: no pedir tips para ser una chica de calle,YES,NO,0.5912954000765142,0.40870459992348585,0.5912954000765142
300429,es,"@MissMalefica17 Va por el camino de la calabaza Ivana Yturbe.   Dejo los estudios para ser una chica reality, después se buscó un marido para que la mantenga!!!  Ese será su final de esta cara de chancleta. 😝😝😝 https://t.co/Dxc8xVShle",YES,NO,0.6278446349322446,0.3721553650677554,0.6278446349322446
300438,es,"No olvidemos que la mitad de la población mundial ha realizado históricamente labores reproductivas, las cuales han sido invisibilidades por el patriarcado  para sostener un sistema injusto y desigual. Que no me desampare la conciencia feminista ni la conciencia de clase.",NO,YES,0.419201998767083,0.580798001232917,0.580798001232917
300443,es,OKEY PERO CUANDO SUS OJOS SE PONEN ROJOS POR SU MAGIA NANANANA ES INCREÍBLE COMO WANDA SIMPLEMENTE EXISTE Y YO ELIJO SER SU PERRA https://t.co/SN4fE2odPc,YES,NO,0.5805165871886191,0.41948341281138096,0.5805165871886191
300447,es,"El lobo Carrasco si puede le come la polla a Messi a dos manos, que cansino",YES,NO,0.6977022682774172,0.30229773172258273,0.6977022682774172
300452,es,"@PSOE @Adrilastra La prostitución forzada, el proxenetismo, el rufianismo, la trata o como queráis llamarlo, ya está contemplado en el Código Penal como delito. Lo que no se debe ilegalizar, sea o no moralmente reprochable, es que una persona disponga de su cuerpo libremente.",NO,YES,0.4114545762834715,0.5885454237165285,0.5885454237165285
300456,es,Esperando a Divididos por primera vez veo un show de Nathy Peluso...te puede gustar o no pero tiene una fuerza de san puta y una banda impresionante.,NO,YES,0.42649801176582935,0.5735019882341706,0.5735019882341706
300460,es,@DTech_M @Simonstruacion Tw : putofobiate apuñalaria si pudiera,YES,NO,0.5390747878332941,0.4609252121667059,0.5390747878332941
300464,es,Es literalmente romantización de relaciones abusivas pero ahora en live action🤪🤪🤩🤩,YES,NO,0.6436260102242175,0.35637398977578255,0.6436260102242175
300467,es,"@Gabriel91581545 @riascos_maribel @LaJornadaMaya No Gabriel, no son mayoría, la mayoría está reprimida por ustedes que es distinto. Fijate cuántas leyes salieron a favor de todo lo que te quejas y después decime cuál es la mayoría y cuál es la democracia.",NO,YES,0.4702384466444286,0.5297615533555714,0.5297615533555714
300473,es,"@Dekar_87 En diseño es muy parecida, pero cambia en varios detalles (y se nota que es mujer).",NO,YES,0.28092508563786267,0.7190749143621373,0.7190749143621373
300476,es,"Leí maricoona, creativo la dvd, dejando de lado ✨la misoginia y sexismo✨ You tried ⭐ https://t.co/iAyAXxVOOX",YES,NO,0.5103911340013474,0.4896088659986526,0.5103911340013474
300477,es,"Siempre y lo será una mierda, con su transfobia, machismo, homofobia, sexismo, xenofobia, y los personajes insoportables, y la gente tienen el cerebro tan pequeño que aprenden gilipolleces https://t.co/QyxKK4YDnZ",NO,YES,0.41414202418559143,0.5858579758144086,0.5858579758144086
300480,es,"@EstherCuadrado3 @LauraFreixas Efectivamente, acabas de descubrir que las personas cis también modifican constantemente su cuerpo para adaptarlo al género. La diferencia es que si es para ajustarse al género qasociado a su sexo biológico nadie cree que sea una patología, si es al revés sí.",NO,YES,0.4711401204682516,0.5288598795317484,0.5288598795317484
300481,es,"El aislamiento y el exceso de pornografía no hacen buena compañía.Prefiero socializar con mujeres y verlas como personas, que estar creándome una falsa película de continuo sexo y pollas metidas en orificios. Desde luego esto último no me ayuda a construir habilidades sociales.",YES,NO,0.552270473651677,0.44772952634832297,0.552270473651677
300483,es,"@krazytoxic Yo sigo esperando a q' pase y eliminesEl erotismo,Y des paso al sexo rudo, oral, masoquista y todo eso...😁",YES,NO,0.6459523481595111,0.354047651840489,0.6459523481595111
300484,es,"@radioconvos899 @pasaroncosas899 #miercolesdegrieta 100 % papel, los que usan libro electronico, seguro practican sexting, es decir, no la ponen nunca, aparte de que libro virtual me suena a cositorto.",YES,NO,0.5291014995882265,0.4708985004117735,0.5291014995882265
300486,es,"Las #apps  pueden representar un riesgo en ciertos escenarios, por lo que es necesario conocer las posibles amenazas. Les comparto mi artículo en @IDConline https://t.co/0sf2d72aqf",NO,YES,0.4550869621907091,0.5449130378092909,0.5449130378092909
300487,es,"Un hombre fue aprehendido por un caso de ""sextorsión"" contra un linqueño-La víctima es un hombre de 69 años.https://t.co/8iYjzKUuHU https://t.co/I5CV9s1l3v",NO,YES,0.36610036056426865,0.6338996394357314,0.6338996394357314
300500,es,"@dama_prohibida Entonces tienes dos soluciones cuando de amor se trate: ir con el sujetador de otro color, o directamente, ir sin sujetador 😈😈😈",YES,NO,0.6701048070091034,0.3298951929908967,0.6701048070091034
300501,es,"@PoliciaHorny posibles a los tuyos. Por eso megustaría que si podías pasarme unafoto de ellos sin sujetador ni nadapara enseñárselos al cirujano, y quequeden lo más parecidos posibles alos tuyos.Espero que puedasayudarla, un abrazo fuerte",YES,NO,0.5255630126526961,0.4744369873473039,0.5255630126526961
300504,es,#TintaVioleta 🟣 Mercedes D’Alessandro explicó por qué es relevante hablar de la relación de las juventudes y de las mujeres con la plata y las finanzas.Leé la nota en https://t.co/Kox3XJMEOA@dalesmm #Economia #finanzas #dinero #Luminar https://t.co/GzRMsSA2Uk,NO,YES,0.29969765520181935,0.7003023447981807,0.7003023447981807
300506,es,"@ESTOESCLASE @IreneMontero Ahora ya no habrá un techo de cristal, ahora habrá un abismo menstrual.Están las tontas, luego las muy tontas y luego las cajeras del Saturn convertidas en Ministras por la vía conyugal.",NO,YES,0.4989842508421455,0.5010157491578545,0.5010157491578545
300527,es,@Mardominguez03 Merece cárcel. Lo que hizo se llama VIOLACIÓN y es ILEGAL.,YES,NO,0.629322928554463,0.370677071445537,0.629322928554463
300529,es,"@RaulZamudioraul Los cómicos amenazaron que esta semana iba El Especial del Humor, Risas y Salsa y además el Chavo , pero nunca dijeron que también iba la Serie Rosa, con el capítulo Violacion sin Resistencia!! Buajajajajjaja",YES,NO,0.6542278703611166,0.34577212963888343,0.6542278703611166
300531,es,Increíble la cantidad de plata que nos está sacando esta mina cuyo único mérito fue llorar en cámara denunciando violación. https://t.co/pAdzTBtfBn,YES,NO,0.5656249918161886,0.43437500818381136,0.5656249918161886
300532,es,"2/2. Twitter bloquea la cuenta y exige que se eliminen los tuits que mencionan a otros soldados, y el tuit con el soldado ruso (que fue objeto de la denuncia) resultó no violar las reglas de Twitter... No hace falta más prueba de la apología de la violencia en esta red social.",NO,YES,0.48030753344313215,0.5196924665568678,0.5196924665568678
300535,es,El negocio del fútbol no puede seguir haciendo oídos sordos a la violencia machista.Prendemos nuestras redes para gritarle al abusador Sebastian Villa que La Pelota No Se Mancha!! Y decimos#VillaMachitoViolento#BocaComplice#AfaEncubridora https://t.co/T7FatWh5aN,YES,NO,0.5223602722934859,0.47763972770651403,0.5223602722934859
300536,es,🗣️ Móstoles guarda un minuto de silencio en condena de la violencia machista👉🏻  https://t.co/PxipLt75Lv#⃣ #LaVozdeMóstoles #25DeMayo #Móstoles #ViolenciaMachista👥 @AytoMostoles,YES,NO,0.5140911349210266,0.4859088650789734,0.5140911349210266
300541,es,Me cago en todos tus muertos y a los vivos me los violo. Me hago unos garbanzos en craneo de tu madre y a tu perro le acaricio un poco tras la cabeza. A doblar rodillas tu padre cuando llorando me suplique que deje el cadáver de su esposa. Ojala se os caigan todos los cacharros. https://t.co/CeIzHsOb2p,YES,NO,0.5414385712786878,0.45856142872131217,0.5414385712786878
300543,es,"@QuePasaEnSN @DrManueldelaO Así como Debanhi se cayó en la cisterna sola y se violó sola, así le volvió a salir otra apéndice al Bronco… así los milagros del Nuevo NL",YES,NO,0.5996128802675618,0.4003871197324382,0.5996128802675618
400003,en,"#everydaysexism Some man moving my suitcase in the overhead luggage storage on a train to what he thinks is a better position (why?!) and now completely out of my reach for when I have to rush off the train in a couple of stops. Women can't arrange their own luggage, apparently.",YES,NO,0.5321959756154281,0.4678040243845719,0.5321959756154281
400005,en,"@ShelfStoriesGBL To me this has the same negativity as gamergate, where people want to act like it's about journalistic ethics, but it's really an excuse to attack creators they don't like.",NO,YES,0.4660655042776185,0.5339344957223815,0.5339344957223815
400008,en,@ReproRights @AbortionStories Getting Twitter harassed for pro choice . https://t.co/koF92Bs3Cy,YES,NO,0.7231752799101479,0.2768247200898521,0.7231752799101479
400014,en,"What more would you add?(NB: This particular conversation topic is about women &amp; girls. The men &amp; boys conversation topic will be discussed separately, and if you’re gonna notallmen on this thread, then you really don’t know or care about women &amp; girls at all…)",NO,YES,0.27747986828364746,0.7225201317163525,0.7225201317163525
400021,en,I sincerely wish the US was this progressive on women’s rights. #stopstreetharassment #MeToo https://t.co/rc9D1jHnOZ,YES,NO,0.5300209698364472,0.4699790301635528,0.5300209698364472
400027,en,Wishing all of you a very happy women's day#womensday #internationalwomensday #women #womenempowerment #womensupportingwomen #womenpower #happywomensday #iwd #girlpower #love #womenempoweringwomen #womeninspiringwomen #motivation  #womensmarch #art #womensrights  #bjainrx https://t.co/klH7uJyBHd,NO,YES,0.49160067461278845,0.5083993253872116,0.5083993253872116
400029,en,#GOP raising Taxes and controlling #WomensRights  #RepublicansAreDestroyingAmerica https://t.co/IaK0pLAQHx,YES,NO,0.8445936765532914,0.15540632344670857,0.8445936765532914
400030,en,Freedom convoy Toronto waving Pro-Life flag.They're living in the wrong decade. #WomensRights https://t.co/MxAOJlXsVJ https://t.co/cDVn9Iba6Q,YES,NO,0.7472342276601402,0.25276577233985975,0.7472342276601402
400032,en,@sage_ranae This world wouldn’t last a day without women😴,NO,YES,0.3226974838586678,0.6773025161413322,0.6773025161413322
400034,en,Nearly 10% of students will encounter sexual misconduct at school. #massexodushttps://t.co/J5B9KHS39w,YES,NO,0.7224419103954518,0.27755808960454814,0.7224419103954518
400039,en,"@AubryAndrews Androcentrism makes men think that if it isn’t about them, it doesn’t exist.",NO,YES,0.48392870395776877,0.5160712960422312,0.5160712960422312
400044,en,@5heriBr0wn @stinkythinktank @nubbin00_ @MeganMcD411 @wellroundednut @frggystyl @HauntedJennifer @normhotchkiss At first I was scared of him. But after some stalking I found out about his artistic side. Then I realized he can be sweet and salty. Like a good treat. He gardens too.About as good as a man can get.,YES,NO,0.5745547342622219,0.425445265737778,0.5745547342622219
400051,en,"@realwilliamN @Tukatara @hasanthehun @jordanbpeterson It’s called identity politics and subversive culture. Yes, they are trying to upend cultural norms of what they view as “traditional”beauty standards by attempting to redefine what constitutes attractive and displaying controversial images in order to virtue signal.",YES,NO,0.5674584118799382,0.4325415881200618,0.5674584118799382
400063,en,"i hate when people stare, like yes bitch i’m pregnant and what???",NO,YES,0.4775639539125407,0.5224360460874593,0.5224360460874593
400065,en,@pkburnett @MaadyBK67 @hatchjenn You should take a getting bitches class,YES,NO,0.5070379002781005,0.4929620997218995,0.5070379002781005
400066,en,"Tankie Centricide:-HE SCREAMS FRENCH PERSON RAISED BY SLAVIC FAMILY-he just like me frfr-has may 68 posters in his room-bitches about ABSOLUTELY EVERYTHING like only a true french would-""ancom listen to this banger"" and its either katiusha or l'amant de st jean no inbetween. https://t.co/oFVTlcCtsz",YES,NO,0.6913806522968711,0.30861934770312893,0.6913806522968711
400068,en,"Remember, Amber Heard shows us why you do not ""believe all women""But you also do not blame all women.Judge individuals individually.",NO,YES,0.24478821250632687,0.7552117874936731,0.7552117874936731
400073,en,local spaniards need to stfu tbh yall out here talking shit ab ukraine when yall literally bullied the living shit out of chanel when she won benidorm fuck off,NO,YES,0.4839781105987726,0.5160218894012274,0.5160218894012274
400077,en,@mobfighter63 @JarJarAbramss Also this may make people call me sexist but I’m sorry I wanted to see Obi Wan spend his time with a Young Luke and see how their bond grew over the years especially much to the anger of Owen. Leia’s relationship with Obi Wan was through the knowledge of her father,NO,YES,0.46467247162468517,0.5353275283753148,0.5353275283753148
400093,en,@rjg2386 I only want mega max super cock block super bomb plays from you.,YES,NO,0.5102977137035849,0.48970228629641505,0.5102977137035849
400099,en,"Okay legit what is the point of adding Uroktor, Zamites, or Jagras in MHRise if you arent gonna add Agnaktor, Zamtrios, or Great Jagras. What a fucking cock tease. Actually disappointing and a wasted opportunity.There's even a baby Tetsucabra but no big Tetsucabra? Why.",NO,YES,0.4257567619530398,0.5742432380469602,0.5742432380469602
400102,en,"@sean_antrim @Acosta Ok, you’re either high, drunk, or crazy. My initial comment specifically said “assault STYLE weapons.” Get help dude. You need it.",NO,YES,0.49277044198388775,0.5072295580161122,0.5072295580161122
400106,en,@janetadefabi @ChelseaFC Just go cook for your husband and shut up...Everyone makes mistakes....How quickly people forget . Just the other day he had a fantastic UCL run and assisted Havertz in the Ucl final...you showered praises on him didn't you??,YES,NO,0.581527985857573,0.4184720141424269,0.581527985857573
400112,en,@Lucesheffield @JuliaPa28346879 What is 'difference feminism'?? Never heard of this before.,YES,NO,0.52205659931464,0.47794340068535995,0.52205659931464
400114,en,"@Evilagram and people confusing the two actually sets us back, eg “protection” of women, tradwifeism, TERFism, difference feminism, etc. that are built on an apparent love of female aesthetic are useless and actially harmful to defeating implementation of  #2.",YES,NO,0.5690915263339665,0.43090847366603346,0.5690915263339665
400120,en,"HE’S FINE. He’s fine, Keiji is FINE. My friendly policeman dumb blonde is OKAY. I’m not delulu.",NO,YES,0.33775392414353966,0.6622460758564603,0.6622460758564603
400128,en,"everyone in the replies missing the point…individual empowerment isn’t much compared to collective liberation, if we were liberated the choices women make wouldn’t be so loaded but we aren’t there yet are we? https://t.co/bYGsCEbMWl",YES,NO,0.5583220391333854,0.44167796086661465,0.5583220391333854
400133,en,@HelleborE04 @BettyBowers @elonmusk u are getting offended cuz u are raised with these ideas of equality between man and women in islam there isn't equality there is justice and justice is to put Avery one in his place man protect and provide and women raise the kids  https://t.co/ALpXlL72BC,YES,NO,0.5062899395567467,0.4937100604432533,0.5062899395567467
400139,en,Join us tomorrow at 2pm for our Is Office Banter Ok? session. Come along to this informative session on how everyday sexism impacts on people and learn more about the Me Too campaign.,YES,NO,0.8000365101914335,0.19996348980856654,0.8000365101914335
400141,en,"BOOK REVIEW ""Sexism dictates the lives of most women and through Jiyoung we are made to realize just how it can potentially ruin us, sometimes even without us noticing until it’s too late"" writes- Keyur Basnet #KimJiyoungBorn1982 #sexualassaulthttps://t.co/EXb7chAF3g",YES,NO,0.6460128962012797,0.35398710379872034,0.6460128962012797
400144,en,"Yellow Fever isn't a compliment and it isn't the same as ""having a type."" This phenomenon, spanning decades, has contributed to the exoticization, objectification, fetishization, and dehumanization of the AAPI community - especially Asian women. (1/4) https://t.co/VIPhbwMlCS",YES,NO,0.6271119303835053,0.37288806961649473,0.6271119303835053
400146,en,"@Jacob_Baker2275 It's hard af if you're female as well.And for God's sake don't fuvkin age. I'm to the point if no one wants to fuck my fat ass, so be it. I'm not here to please any one.Hugs Jacob.",YES,NO,0.5162820589740243,0.48371794102597565,0.5162820589740243
400148,en,"18-year-old Female Killed in Brooklyn home, boyfriend in custodyhttps://t.co/HofoYU2yRI",YES,NO,0.7311411008407572,0.26885889915924277,0.7311411008407572
400158,en,"Sure, I'm all for feminism, but did they really have to call themselves ""Seneca Women"" when they have nothing to do with the Seneca Nation?",NO,YES,0.22147682787167633,0.7785231721283237,0.7785231721283237
400159,en,Did not expect GENTLEMAN JACK to be such an incisive critique of white feminism but it is. That’s both why it’s great and kinda triggering to watch.,YES,NO,0.6874213221848585,0.3125786778151415,0.6874213221848585
400160,en,"@angrydollface @ThatObscurePoet @DrProudman I never claimed I was one; whatever hellscape definition you man-haters are insisting is ""feminism"" is just the ramblings of a vocal minorityI support what the evidence showshttps://t.co/99wWNbQ95DIf reality doesn't back Heard, then its not reality's fault #AmberHeardlsALiar",YES,NO,0.5237056825280952,0.4762943174719048,0.5237056825280952
400166,en,"@SPN_foreverfan @padahugs I'm not fond of the feminization of his character either. I mean, each to their own, but he's masculine (not in a toxic way) and gorgeous to me. I'm don't dream about him pregnant (very popular in fiction), lactating, or in lingerie (also popular), and I don't see him submissive.",YES,NO,0.6166773452760019,0.383322654723998,0.6166773452760019
400168,en,"I'm debating doing a ""feminization"" clip series for all My new sissies, to help them learn how to feminize 🤔",YES,NO,0.5908166711684335,0.40918332883156655,0.5908166711684335
400170,en,@parker__farquer Three for a girl.You're going to have to murder a girl now. The magpie voices told me.,YES,NO,0.6678360200265202,0.3321639799734798,0.6678360200265202
400184,en,Suika gets gangbanged to death https://t.co/vna0ZwRtRN,YES,NO,0.5686559186390101,0.43134408136098984,0.5686559186390101
400185,en,"“I mean I do, but… wouldn’t it be fun to get gangbanged together~?” https://t.co/lNRZ9z53VL",NO,YES,0.44876299622485105,0.551237003775149,0.551237003775149
400187,en,@LogicalFallac18 @LBC Sex* as in 'gender' harassment is what they are inferring.,NO,YES,0.38903918663866244,0.6109608133613376,0.6109608133613376
400188,en,"@BBCYaldaHakim Kabul: Islamic Emirate of Afghanistan has announced the end of co-education in the country, citing ""gender harassment"".Female students will attend universities on Monday, Wednesday, and Saturday while Tuesday, Thursday, and Sunday are fixed for males.",YES,NO,0.718300196198894,0.281699803801106,0.718300196198894
400193,en,"This idea that Jamaicans are exempted from gender roles because ""cook"" and ""clean"" is so dumb. Cooking is not a gender role, its a life skill",NO,YES,0.4407283214120842,0.5592716785879158,0.5592716785879158
400194,en,"""The violent antifeminism of a far-right movement that sees ♀️ principally as vessels for breeding a new white generation expresses itself in a fixation on a return to “traditional” gender roles""Worth every minute to read - take 5 min out of your Sun👇https://t.co/zkdWPpIlzZ",YES,NO,0.7397062071448026,0.2602937928551974,0.7397062071448026
400195,en,"@MrsGreyBull @Miriam2626 Ah! Look! Gender roles are back, too! The don’t believe their own lies.",YES,NO,0.6183324878611367,0.38166751213886324,0.6183324878611367
400199,en,@EyemotionFandom How did we reach a point where blonks are having the audacity to talk about yoongis rap do y'all see who you Stan ? Are y'all ok ?? Your girls can't write can't deliver can't come close to bts's lyricism tf are y'all getting brave for ?? Fashion deals ??,NO,YES,0.4753017318714292,0.5246982681285708,0.5246982681285708
400200,en,"@wolvesey Absolutely brilliant wkend, I’m off on July with the girls, can’t wait!!",NO,YES,0.49795734643798717,0.5020426535620128,0.5020426535620128
400202,en,@Catoishere @HatClub @RahnniFitteds That gold digger is nice but the picture and set up for them are elite. Pinwork is like the revealing of the Mona Lisa. Always a work of art.,YES,NO,0.5718113084858276,0.4281886915141724,0.5718113084858276
400204,en,@RonFilipkowski Not enough is made of the fact that she’s an unabashed gold digger. 🤷🏻‍♂️,YES,NO,0.553394758323462,0.446605241676538,0.553394758323462
400210,en,Dear @starwars fans Can we not harass talented actors of color? Stop being racist douche nozzles. This is why we can't have nice things. Moses is a badass inquisitor and y'all can't handle her badassary. https://t.co/bczGdn6evx,YES,NO,0.5992491038410499,0.40075089615895004,0.5992491038410499
400216,en,stop saying i said this cus she has short hair! some of her gayest looks came from 2017/18 blonde ponytail era!!!!!! know ur herstory https://t.co/YJYVzJVP0L,YES,NO,0.5259364255727454,0.4740635744272545,0.5259364255727454
400218,en,"@Shelly1968real Best way to do that is from behind her, with your hands on her hips",YES,NO,0.5353468192818626,0.46465318071813744,0.5353468192818626
400219,en,some one get those white boy hips moving MAN CANNOT BOUNCE 😭😭😭😭,NO,YES,0.49985636094281316,0.5001436390571868,0.5001436390571868
400224,en,"@_RobYo Y’all are husband and wife and best friends! You guys have so much fun, it’s awesome! You keep each other laughing and smiling😂",NO,YES,0.45315078681736987,0.5468492131826301,0.5468492131826301
400225,en,"@reebecatavares Wait till ur husband messes up, u gonna love the scouser death threats 😂😂",YES,NO,0.6179525550360261,0.38204744496397397,0.6179525550360261
400230,en,@HTFCirno2000 I have an old receipt printer thing but I have no idea how to use it. I would like to fuck with it like you did. https://t.co/UpXFySfBwB,NO,YES,0.4922887583313318,0.5077112416686682,0.5077112416686682
400231,en,Mr Balls i would like to fuck https://t.co/FhFiq7Hamj,NO,YES,0.3797493246400674,0.6202506753599326,0.6202506753599326
400237,en,@BoopBepp @Helloth07860784 @Bronwen85 Yup I hate when men rape and kill women. https://t.co/MyfVPu6THd,NO,YES,0.19668241103794726,0.8033175889620527,0.8033175889620527
400238,en,Calls to clean up Parliament's laddish culture after MP's porn shame https://t.co/3AC2ArWrjF via https://t.co/LiNou8Ixhu,YES,NO,0.7877333272657667,0.21226667273423325,0.7877333272657667
400244,en,@Girlw0ndr I like that a woman acting like a lady thank you,NO,YES,0.31311148294952995,0.68688851705047,0.68688851705047
400246,en,"""Dude Looks Like A Lady"" 💫🎶Aerosmith🎶🎸⚡️💫https://t.co/41OxpV6YWm",YES,NO,0.5210421487423198,0.47895785125768026,0.5210421487423198
400247,en,@gokunaruto3000 Idk wtf you looking at 😂 one looks cgi the other looks like a woman painted green,NO,YES,0.4516528542632544,0.5483471457367456,0.5483471457367456
400249,en,@Tindola @Fewbrix @PacheduZW @drjaytee87 @begottensun @PatsonDzamara Kuda is dangerous not sure why he is a darling of CCC he is like a woman that one. Ane guhwa,YES,NO,0.5071550686554323,0.4928449313445678,0.5071550686554323
400250,en,"@Schneiv @BillKristol They tell us we’re brood mares &amp; must die so cell clumps can live, carry our rapist babies &amp; want us to protest civilly yes he’s mansplaining protest nicely while we are moving toward enslavement. Polite little ladies NO.",YES,NO,0.5527183051809719,0.44728169481902813,0.5527183051809719
400252,en,Mansplaining the concept of a pee drawer to my partner (who want me),YES,NO,0.6282189750849417,0.37178102491505827,0.6282189750849417
400254,en,wonwoo cross legs &amp; jun manspreading 🦋🦋🦋🦋 @pledis_17 https://t.co/2pFi9Lzeji,YES,NO,0.6502518420975607,0.34974815790243935,0.6502518420975607
400255,en,Going weak rn... PLAYING THE GUITAR?!?!?! MANSPREADING!?!??!?! I AM ON MY KNEES https://t.co/yKABMDXGmg,YES,NO,0.8204044441457805,0.17959555585421944,0.8204044441457805
400258,en,@JunusAnna @DaphnaRedliner Why do you feel unsafe sharing a bathroom with a transwoman? Seems like some bigotry you need to unpack yourself. Not further marginalize an already marginalized group.,YES,NO,0.508129477223632,0.49187052277636806,0.508129477223632
400266,en,@jakepbm @GaeaPapaya @Brainramble24 @NeorenaissanceB @men_movie @A24 Can you confront your misogyny? Misandry is hardly a problem in the world by comparison and if it exists its a reaction to abuse,YES,NO,0.5879172643866493,0.4120827356133507,0.5879172643866493
400271,en,"@jcollie @thevivafrei @ewarren I don’t need a man to tell me what to stand up for, thank you.",YES,NO,0.5178539988090393,0.48214600119096074,0.5178539988090393
400274,en,"""not all men"" u are absolutely right because steven grant would never treat me wrong",NO,YES,0.4529277047970137,0.5470722952029863,0.5470722952029863
400286,en,"@Coochie_Chariot female charas being flirty/sexy isnt always bad n i know digimon has always kinda had an objectification-of-women issue (most media does tbh?) but it seems to be nearly the ONLY way the game is interested in presenting women and it kinda sucks, esp since yea. the game IS good",YES,NO,0.5016676921189167,0.49833230788108335,0.5016676921189167
400287,en,@ShelleyKingsto3 @CNP_MacFarlane @CanadianinAB It's objectification &amp; dehumanizing. I saw someone take time out of their day to make a strong political point about Horwath 🙄(sarcasm) -- he Tweeted about how her photo looked like it had lots of photoshop. Such pathetic clowns.,YES,NO,0.5300369729763076,0.4699630270236924,0.5300369729763076
400291,en,"@elonmusk @Astro_Angry Why bother going to Mars if life there is just going to be more of the same toxic sexism, racism and bigotry - the same horrible oppression, unfairness and inequality - that makes Earth a living hell for so many?",YES,NO,0.7524363062668867,0.24756369373311327,0.7524363062668867
400295,en,"@tuckednuts Notice something else tho…Almost every single one, is a man. That’s such a fucking problem that this is how some men believe they should let out their angers and hatred. This society needs to do better, it does not even benefit the men. Patriarchy/misogyny fails everyone",NO,YES,0.44754221979998166,0.5524577802000183,0.5524577802000183
400297,en,"Galaxy brain concept: girl who transitions so she can wear menswear in a stylish, lesbicious sort of way that patriarchy doesn’t let men do https://t.co/wYIotXcAMP",YES,NO,0.5362414881242337,0.4637585118757664,0.5362414881242337
400305,en,"also once I tried to look up info on transmascs with PCOS and I got a """"""""""""""study"""""""""""""" that said we were just angry lesbians with penis envy who need to have our hormonal imbalances corrected 😎😎😎😎😎",YES,NO,0.6373257384316855,0.3626742615683145,0.6373257384316855
400307,en,"@Mistywoman1 Have I missed something, or has phallocentrism become the latest cult?",YES,NO,0.6485802526650544,0.3514197473349456,0.6485802526650544
400308,en,Fuck's sake is it possible to have a furry space that's not explicitly content-restricted and doesn't immediately become yet another showcase for size-queen phallocentrism?,YES,NO,0.6653848624229919,0.3346151375770081,0.6653848624229919
400309,en,"Freud claims girls have a dicklet. The clitoris has phallic significance. Phallocentrism reduces even female genitalia to the Phallus. The other parts of the vagina, the clit, and more constitute the plurality of female sexuality. The clit coexists with non-phallic body parts.",YES,NO,0.7417673315600755,0.2582326684399246,0.7417673315600755
400312,en,"Cyborg politics is the struggle for language and the struggle against perfect communication, against the one code that translates all meaning perfectly, the central dogma of phallogocentrism",YES,NO,0.7773995439101609,0.22260045608983908,0.7773995439101609
400321,en,@LaceyRoseeeeeee @OliveCelesteof Eat out both holes and then slide my dick in you and pound you till you squirt,YES,NO,0.652038718076452,0.347961281923548,0.652038718076452
400322,en,@BNONews it’s ironic that the majority of the people happy about this in the comments are people who can’t get pregnant,YES,NO,0.7327206091284482,0.2672793908715518,0.7327206091284482
400332,en,@LMc2607 @FJLightning007 No I don’t keep talking about your ass! Are you a repressed homosexual perhaps? I heard aos is popular with the gays! It’s ok to be gay you know,NO,YES,0.4802339881991201,0.5197660118008799,0.5197660118008799
400339,en,"@SamiMac7 @SBSNews Be as feminine, masculine, &amp; the whole range of human expression that falls outside those two stunted sex-role-stereotypes (gender), in whatever body you were born in. But sexed bodies have ramifications, especially 4 females, &amp; transgressing those boundaries are dangerous 4 ♀.",NO,YES,0.4947109859169304,0.5052890140830696,0.5052890140830696
400340,en,"@LadyDoctorSays I'm not a sexist at all, women should be empowered, roe v Wade is the law of the land, but I'm so confused.",NO,YES,0.46814287383794095,0.531857126162059,0.531857126162059
400343,en,"""Calling A Man Bald Is Sexual Harassment"" https://t.co/MiSGkB89bs via @YouTube",NO,YES,0.39791544996476114,0.6020845500352389,0.6020845500352389
400344,en,"According to the Human Rights Commission, 1 in 3 people experience sexual harassment at work. We have created an online course  providing strategies to prevent and respond should incidents occur. Start your course at: https://t.co/yC40T3cJao #guardianpst https://t.co/oTwKxFqxQN",YES,NO,0.7061247834357354,0.29387521656426463,0.7061247834357354
400359,en,"@DADiClementi It just shows how money rules the world. I'm so disappointed that Ripley's would even allow it out of the building and to let that Reality Skank get it was an incredible insult. I was waiting for an SUB full of armed robbers to overtake her. In the end, Khloe looked better.",YES,NO,0.6553361862276224,0.34466381377237765,0.6553361862276224
400360,en,Got a new bitch cause my old one couldn’t keep up wit the lifestyle fuck that lil skank .. had to get rich now I got funds to do the things that I want now wit no complaints ..,YES,NO,0.5394832332186252,0.4605167667813748,0.5394832332186252
400363,en,@iitzkeisha I kinda get her point but a slag is too far off for me 😭 https://t.co/Vh0tq57Qc6,YES,NO,0.5586116340724625,0.44138836592753744,0.5586116340724625
400364,en,"@djxmenez yea back when i didn’t even have one to slap, unfortunate !",YES,NO,0.5686081622400294,0.43139183775997064,0.5686081622400294
400371,en,I’m just a pretty little freaky black slut who wants to be filled up with cum and treated like a princess 🥰 Look at the view 🥵  scenes from my first scat video :) #nsfwtwt #blonde #babygirl #creamyebony #creamypussy #daddysgirl #horny #ebonyteen #slut #useme #dmme https://t.co/EVIBF3apqp,NO,YES,0.4768287130644092,0.5231712869355908,0.5231712869355908
400373,en,jealous plss TALK ABOUT HIS NEW ALBUM U WRINKLY SLUTBAG,YES,NO,0.5189329702259988,0.4810670297740012,0.5189329702259988
400380,en,"@VictorHV83 @CP3 Sound like the typa nigga to let his boss sodomize him cause the job comes with perks. Stfu, keep that dick in ya mouth, nd stay way the fuck out there wherever u nd that ignorant ass comment was thought of.",YES,NO,0.6173864784398447,0.38261352156015527,0.6173864784398447
400381,en,"@NoContextZnzz but you can enter my heart anytime baby i want u to sodomize me emotionally huhuhu,,,🧛🏻‍♀️🐰🍆👅",YES,NO,0.6073904551091092,0.3926095448908908,0.6073904551091092
400391,en,Say NO to the Superwoman Syndrome 😎 - https://t.co/THLoRPc5EW https://t.co/lKAifAzzNK,YES,NO,0.7659734751381667,0.23402652486183326,0.7659734751381667
400392,en,"being a lesbian, i’ve noticed tht most connections are started with inappropriate emotional dumping about past situationsthis is when “superwoman syndrome” is created bc we “believe” it’s our place to bear the burdens of this woman at the expense of ourselves",YES,NO,0.6702140413373937,0.3297859586626063,0.6702140413373937
400393,en,Superwoman Syndrome - It's all too real and debilitating for this gal https://t.co/w2N9Ne3wi4,YES,NO,0.656484247545656,0.3435157524543439,0.656484247545656
400399,en,@Frogger2175 @TorontoStar @JennValentyne A member of “ the boys club” speaking “ so you just assume all the women that have confirmed his behaviour are lying? https://t.co/ZZ9quAfpro,YES,NO,0.6295752634524585,0.37042473654754154,0.6295752634524585
400409,en,@UberFacts Today’s women eye makeup. And those nails too.,NO,YES,0.36798911896117326,0.6320108810388267,0.6320108810388267
400412,en,Can't take my eyes off you You'd be like Heaven to touch I wanna hold you so much ❤️❤️,NO,YES,0.49799933074118974,0.5020006692588103,0.5020006692588103
400418,en,"If you don’t report this problematic bitch on tik tok fys, idc if you hate the group/s they talk about idc they shouldn’t exist they should be gone I truly don’t care go report, these accs shouldn’t exist like I know they’re ugly irl and I don’t want them NEAR tubatu https://t.co/iFXSqfW6LG",YES,NO,0.5274406425330822,0.47255935746691785,0.5274406425330822
400421,en,"@maria56_lamb I packed my hubbies case when we were going to a wedding in england, told him to pop his underpants in.  Gets to England, he puts his kilt outfit on and everyone discovered what a true scot doesn't wear under his kilt.  If I don't do it, it doesn't get done.  Men!",YES,NO,0.6392719222024394,0.3607280777975606,0.6392719222024394
400425,en,@bhargavtata0 oh so now u can’t understand women’s words??????,NO,YES,0.28201264330546516,0.7179873566945348,0.7179873566945348
400427,en,fainted wearing a Very short skirt and no one could legally touch me so i just had my ass out until the nurse came 😭 https://t.co/qwi7fyO98B,YES,NO,0.5166405566614185,0.4833594433385815,0.5166405566614185
400428,en,the question is do i wear the very short skirt that literally shows my ass with kneehighs or opt out for a short 🤔,NO,YES,0.372467085499223,0.627532914500777,0.627532914500777
400431,en,im so annoyed by ex mutuals who hurt my friends &amp; suddenly act like everything's good when its been a couple months &amp; they can suddenly try to befriend me again &amp; when i dont forgive them they pull this victim card shit on my own friends like how dare you???,NO,YES,0.4471253512101019,0.5528746487898981,0.5528746487898981
400439,en,"Woman driving beside me a few minutes ago holding her phone to her ear with her shoulder, while holding a mug of coffee.""Baby on Board"" sticker on both rear windows.",NO,YES,0.37880002157728976,0.6211999784227102,0.6211999784227102
400441,en,"An unarmed Black woman driving a car with a ""broken tail light"" is more dangerous than a white supremacist terrorist who murdered 10 people.",YES,NO,0.5202785775292198,0.47972142247078026,0.5202785775292198
400445,en,@yesitsSimone So why tf ya call it femism shouldn’t it be womanism if that’s the case?,YES,NO,0.6020595223864008,0.3979404776135992,0.6020595223864008
400446,en,"Feminism VS Womanism""Hudson-Weems identifies further differences between womanism and feminism being; womanism is ""family-oriented"" and focuses on race, class, and gender, while feminism is ""female-oriented"" and strictly focuses on biological sex related issues women face."" https://t.co/D5p9VCPTmn",NO,YES,0.47910868981954846,0.5208913101804515,0.5208913101804515
400447,en,"@justice4JUST_us @PickleMamaa You don't know who invented womanism, huh?  Okay.  Risk skin cancer, I guess.  Best of luck to you!",YES,NO,0.531080292180834,0.4689197078191661,0.531080292180834
400449,en,"@CrossrdsCMG Yeah, women are getting just as bad. I've noticed it anyway, I'm sorry people are sending you stuff like that, it can be so gross!",NO,YES,0.3445355184400516,0.6554644815599484,0.6554644815599484
400450,en,Yo I swear  sagittarius men and women are the funniest 😭😭😭😭😂😂😂😂😂😂😭😭😭😭😭,NO,YES,0.1999303170658009,0.8000696829341991,0.8000696829341991
400454,en,"@scopesotoscope @Acosta If you haven’t noticed, congressmen and women don’t have to follow any rules.",NO,YES,0.30700564754205517,0.6929943524579448,0.6929943524579448
400459,en,"My handmaiden relatives, alums of @TCSchools, are posting claptrap on FB. These young women don't know how to drive, have never worked, are subservient to their ""headships,"" and endanger their children in homes filled with AR-15s. Because Jesus, y'all. https://t.co/s6dg413Jsc",YES,NO,0.5464646429338574,0.45353535706614256,0.5464646429338574
400463,en,"@RealKidPoker 2. Poker rooms. The other fallacy I think you have is in terms of your comparison to romance novels; while you may be correct that there may be a difference in interest, in your comparison there are no barriers for men to buy romance novels. Women have to brace themselves for",YES,NO,0.5336372520504101,0.4663627479495899,0.5336372520504101
400468,en,"women shouldn’t have to share their trauma stories for you to feel empathy for the way they’re feeling today. stand with them, we deserve a choice. juntas si podemos ❤️",NO,YES,0.4917238907104877,0.5082761092895123,0.5082761092895123
400470,en,@JaniceMcGeachin What happened to medical freedom? Does it not apply to women? Abortion is healthcare and forced birth is oppression.,NO,YES,0.43766541532359393,0.5623345846764061,0.5623345846764061
400471,en,‘Little Women: Atlanta’ Star Ms. Juicy Reveals Health Struggle After Having A Stroke! https://t.co/lRAkugid4s,NO,YES,0.4459327195239222,0.5540672804760778,0.5540672804760778
400473,en,@KimFawcett11 @FrenchFem @Wild_Womyn WOW! Trouble Making Witches Unite!,NO,YES,0.48062876106510677,0.5193712389348932,0.5193712389348932
400481,en,"Uh, they're allowed to? calling this out makes you look like a cunt. Fortunately, I'll block you so fast you wont get your screenshot. https://t.co/iyWul5BoN6",NO,YES,0.3434087028974253,0.6565912971025747,0.6565912971025747
400483,en,"@JetCelestial @polgara28951124 @CharlotteEmmaUK I don't know what you're on about? My point was that you shouldn't mock other people's looks, because it's very shallow and makes you look like a cunt. Thanks for your input though 👍",NO,YES,0.49411763084615035,0.5058823691538497,0.5058823691538497
